down_elbow_angle,down_shoulder_angle,down_hip_angle,down_trunk_slope,up_elbow_angle,up_shoulder_angle,up_hip_angle,up_trunk_slope,rom_elbow_delta,rom_shoulder_delta,rom_hip_delta,rom_chest_displacement,rom_elbow_delta_rate,rom_shoulder_delta_rate,rom_hip_delta_rate,rom_chest_displacement_rate,cluster_id
68.81813331545173,11.068094634291105,168.5980644873134,0.004116947615364448,156.2936508985464,44.912715070980205,165.88385456717535,-0.48194984018817616,87.47551758309464,33.8446204366891,-2.714209920138054,74.67958393167223,156.01219252375,60.346152688190024,-4.913058445133012,133.2446899355238,0
66.92274181860793,12.787333274037364,165.7055824506538,0.03584053551709505,153.43061300678426,46.930138268169266,177.7366534265732,-0.37161826608651993,86.50787118817632,34.1428049941319,12.031070975919425,90.92132958973659,136.59027652703455,53.57609882475386,18.77167845490449,142.70900273407733,1
67.28993526820055,11.824045393270021,172.27486489129183,-0.007492425202265412,166.30626560846818,56.453102287962054,175.28561636972537,-0.40331556316781425,99.01633034026763,44.629056894692035,3.010751478433536,85.91088191204807,171.36148379699165,76.74770817432578,5.055222087935823,148.7563872525893,2
68.5357382425577,11.43339956660093,170.40513326509202,-0.009497435358944935,155.76461968913944,47.447139709439824,175.6420653318318,-0.32984123048846126,87.22888144658174,36.01374014283889,5.236932066739776,74.18029530609223,153.6327089586707,62.4498174098026,9.094883695902057,130.27622882150493,3
