{
  "user_id": "subject_1791",
  "timestamp": "2025-06-21T14:14:05.701Z",
  "total_reps": 15,
  "reps": [
    {
      "timestamp_start": 1750515202157,
      "down": {
        "frame": 1266,
        "elbow_angle": 69.461725759534,
        "shoulder_angle": 4.590790369898389,
        "hip_angle": 169.2217864870921,
        "trunk_slope": -0.00785829931076321,
        "chest_y": 267.19439218819855,
        "hip_y": 268.4687438509302
      },
      "timestamp_end": 1750515202805,
      "up": {
        "frame": 1305,
        "elbow_angle": 160.41107081893145,
        "shoulder_angle": 55.433695300895195,
        "hip_angle": 174.23171315737224,
        "trunk_slope": -0.3095886508243786,
        "chest_y": 189.8368411659632,
        "hip_y": 231.35709652219518
      },
      "range_of_motion": {
        "elbow_delta": 90.94934505939744,
        "shoulder_delta": 50.84290493099681,
        "hip_delta": 5.0099266702801515,
        "chest_displacement": 77.35755102223536
      },
      "duration_sec": 0.648,
      "valid_rep": true,
      "rep_number": 1
    },
    {
      "timestamp_start": 1750515203455,
      "down": {
        "frame": 1344,
        "elbow_angle": 69.42643468565052,
        "shoulder_angle": 7.124449202554444,
        "hip_angle": 169.66296115394752,
        "trunk_slope": -0.00970402276831226,
        "chest_y": 264.89554475485954,
        "hip_y": 266.49923244961695
      },
      "timestamp_end": 1750515204103,
      "up": {
        "frame": 1383,
        "elbow_angle": 153.4409718681766,
        "shoulder_angle": 49.42165191234703,
        "hip_angle": 177.62949919470097,
        "trunk_slope": -0.35335366055010303,
        "chest_y": 189.77026651707487,
        "hip_y": 237.6509725078886
      },
      "range_of_motion": {
        "elbow_delta": 84.01453718252608,
        "shoulder_delta": 42.297202709792586,
        "hip_delta": 7.9665380407534485,
        "chest_displacement": 75.12527823778467
      },
      "duration_sec": 0.648,
      "valid_rep": true,
      "rep_number": 2
    },
    {
      "timestamp_start": 1750515204870,
      "down": {
        "frame": 1428,
        "elbow_angle": 69.53517845560134,
        "shoulder_angle": 4.916030511982127,
        "hip_angle": 161.1495580980852,
        "trunk_slope": 0.07043538856896556,
        "chest_y": 273.88715782219015,
        "hip_y": 262.9777245754648
      },
      "timestamp_end": 1750515205618,
      "up": {
        "frame": 1473,
        "elbow_angle": 156.21850947543902,
        "shoulder_angle": 48.40279305142992,
        "hip_angle": 179.96711299421423,
        "trunk_slope": -0.3932111676607997,
        "chest_y": 180.18603673830137,
        "hip_y": 233.76686944351724
      },
      "range_of_motion": {
        "elbow_delta": 86.68333101983768,
        "shoulder_delta": 43.48676253944779,
        "hip_delta": 18.817554896129025,
        "chest_displacement": 93.70112108388878
      },
      "duration_sec": 0.748,
      "valid_rep": true,
      "rep_number": 3
    },
    {
      "timestamp_start": 1750515207017,
      "down": {
        "frame": 1557,
        "elbow_angle": 67.92326852743282,
        "shoulder_angle": 14.114795639405768,
        "hip_angle": 170.22557349889217,
        "trunk_slope": 0.0013302821074110153,
        "chest_y": 279.4553671488011,
        "hip_y": 279.21880317321336
      },
      "timestamp_end": 1750515207705,
      "up": {
        "frame": 1598,
        "elbow_angle": 150.54041458606676,
        "shoulder_angle": 45.89096007751152,
        "hip_angle": 179.43192458580066,
        "trunk_slope": -0.38436915809022704,
        "chest_y": 184.74175254969327,
        "hip_y": 236.93924052275057
      },
      "range_of_motion": {
        "elbow_delta": 82.61714605863394,
        "shoulder_delta": 31.776164438105752,
        "hip_delta": 9.206351086908484,
        "chest_displacement": 94.71361459910781
      },
      "duration_sec": 0.688,
      "valid_rep": true,
      "rep_number": 4
    },
    {
      "timestamp_start": 1750515209784,
      "down": {
        "frame": 1722,
        "elbow_angle": 68.90195716201565,
        "shoulder_angle": 6.794153080134934,
        "hip_angle": 167.31901559625496,
        "trunk_slope": 0.0028294745814303637,
        "chest_y": 271.6445146504877,
        "hip_y": 271.194932390218
      },
      "timestamp_end": 1750515210552,
      "up": {
        "frame": 1767,
        "elbow_angle": 157.38247732082579,
        "shoulder_angle": 55.48478452440328,
        "hip_angle": 174.51084694839057,
        "trunk_slope": -0.3322820949536024,
        "chest_y": 189.55136592173383,
        "hip_y": 231.83689257650508
      },
      "range_of_motion": {
        "elbow_delta": 88.48052015881014,
        "shoulder_delta": 48.69063144426835,
        "hip_delta": 7.191831352135608,
        "chest_displacement": 82.09314872875385
      },
      "duration_sec": 0.768,
      "valid_rep": true,
      "rep_number": 5
    },
    {
      "timestamp_start": 1750515212704,
      "down": {
        "frame": 1896,
        "elbow_angle": 66.57146190503384,
        "shoulder_angle": 16.35165999625422,
        "hip_angle": 170.46351254354843,
        "trunk_slope": -0.023150432942816646,
        "chest_y": 271.3934171662209,
        "hip_y": 275.501877276819
      },
      "timestamp_end": 1750515213417,
      "up": {
        "frame": 1938,
        "elbow_angle": 155.63189489679513,
        "shoulder_angle": 54.72072201195189,
        "hip_angle": 173.29074729399068,
        "trunk_slope": -0.29847826162480745,
        "chest_y": 193.1528794593292,
        "hip_y": 232.8208845602257
      },
      "range_of_motion": {
        "elbow_delta": 89.06043299176129,
        "shoulder_delta": 38.36906201569767,
        "hip_delta": 2.827234750442244,
        "chest_displacement": 78.2405377068917
      },
      "duration_sec": 0.713,
      "valid_rep": true,
      "rep_number": 6
    },
    {
      "timestamp_start": 1750515215918,
      "down": {
        "frame": 2089,
        "elbow_angle": 65.6568661703436,
        "shoulder_angle": 11.137028651455957,
        "hip_angle": 161.3899720804185,
        "trunk_slope": 0.060525957372946075,
        "chest_y": 277.2589421125989,
        "hip_y": 266.53503393013204
      },
      "timestamp_end": 1750515216616,
      "up": {
        "frame": 2131,
        "elbow_angle": 154.35760922340208,
        "shoulder_angle": 45.684888707352506,
        "hip_angle": 179.91071811485023,
        "trunk_slope": -0.3295526313406371,
        "chest_y": 190.19966859861486,
        "hip_y": 236.74691308143466
      },
      "range_of_motion": {
        "elbow_delta": 88.70074305305847,
        "shoulder_delta": 34.54786005589655,
        "hip_delta": 18.52074603443174,
        "chest_displacement": 87.05927351398404
      },
      "duration_sec": 0.698,
      "valid_rep": true,
      "rep_number": 7
    },
    {
      "timestamp_start": 1750515217734,
      "down": {
        "frame": 2198,
        "elbow_angle": 66.61028849085112,
        "shoulder_angle": 15.88368852755851,
        "hip_angle": 167.88873521510288,
        "trunk_slope": 0.05776185424075254,
        "chest_y": 286.291903247881,
        "hip_y": 275.7371514337595
      },
      "timestamp_end": 1750515218333,
      "up": {
        "frame": 2234,
        "elbow_angle": 151.0852918735331,
        "shoulder_angle": 43.419985064821674,
        "hip_angle": 176.2401358488463,
        "trunk_slope": -0.3861980926555372,
        "chest_y": 187.6647848240418,
        "hip_y": 240.33444860120306
      },
      "range_of_motion": {
        "elbow_delta": 84.47500338268198,
        "shoulder_delta": 27.536296537263162,
        "hip_delta": 8.351400633743424,
        "chest_displacement": 98.62711842383922
      },
      "duration_sec": 0.599,
      "valid_rep": true,
      "rep_number": 8
    },
    {
      "timestamp_start": 1750515219216,
      "down": {
        "frame": 2287,
        "elbow_angle": 69.29589842504777,